,,,,,,,,,,,
,,,,,,,,,,,
,,,,1,21,,,,,,
,,,,,,SOLWENT - PLAKATY,,,,,
,,,,,,,,,,,
,SOLWENT - PLAKATY,,,,,MINIMALKA 1m2! -,,,,,
,,,,,,"jeśli klient potrzebuje mniejszego wydruku, przyjmujemy zlecenie ale i tak płaci za minimalkę.",,,,,
,MINIMALKA 1m2! - 1 wzór,,,,,,,,,,
,"jeśli klient potrzebuje mniejszego wydruku,",,,,,Papier 150g półmat,,,,,
,przyjmujemy zlecenie ale i tak płaci za minimalkę.,,,,,,,,,,
,,,,,,Ilość,cena / m2,,,,
,Papier 200g połysk,,,,,1 - 3 m2,65 zł / m2,,,,
,,,,,,4 - 9 m2,60 zł / m2,,,,
,Ilość,cena / m2,,,,10 - 20 m2,55 zł / m2,,,,
,1-3 m2,70 zł / m2,,,,21 - 40 m2,50 zł / m2,,,,
,4-9 m2,65 zł / m2,,,,41 m2 i więcej,42 zł / m2,,,,
,10-20 m2,59 zł / m2,,,,,,,,,
,21-40 m2,53 zł / m2,,,,Papier 115g matowy,,,,,
,41 m2 i więcej,45 zł / m2,,,,,,,,,
,,,,,,Ilość,cena / m2,,,,
,Papier BLOCKOUT 200g satyna,,,,,1 - 3 m2,45 zł / m2,,,,
,,,,,,4 - 19 m2,40 zł / m2,,,,
,Ilość,cena / m2,,,,20 - m2 i więcej,35 zł / m2,,,,
,1-3 m2,80 zł / m2,,,,,,,,,
,4-9 m2,75 zł / m2,,,,,,,,,
,10-20 m2,70 zł / m2,,,,,,,,,
,21-40 m2,65 zł / m2,,,,,,,,,
,41 m2 i więcej,60 zł / m2,,,,,,,,,
,,,,,,,,,,,
,,,,,,,,,,,
,,,,,,,,,,,
,,,,,,,,,,,
,VOUCHERY - druk cyfrowy,,,2,,,,,,,
,,,,,,,,,,,
,EXPRESS - najtaniej + 20%,,,,,,,,,,
,,,,,,,,,,,
,Kreda 200-350g,,,,,,,,,,
,,,,,,,,,,,
,Ilość,A4 jednostronne a4,A4 dwustronne a4,,,,,,,,
,1 szt,"20,00zł",25zł,,,,,,,,
,2 szt,"29,00 ZŁ","32,00zł",,,,,,,,
,3 szt,"30,00zł","37,00zł",,,,,,,,
,4 szt,"32,00zł","39,00zł",,,,,,,,
,5 szt,"35,00zł","43,00zł",,,,,,,,
,6 szt,"39,00zł","45,00zł",,,,,,,,
,7 szt,"41,00zł","48,00zł",,,,,,,,
,8 szt,"45,00zł","50,00zł",,,,,,,,
,9 szt,"48,00zł","52,00zł",,,,,,,,
,10 szt,"52,00zł","58,00zł",,,,,,,,
,15 szt,"60,00zł","70,00zł",,,,,,,,
,20 szt,"67,00zł","82,00zł",,,,,,,,
,25 szt,"74,00zł","100,00zł",,,,,,,,
,30 szt,"84,00zł","120,00zł",,,,,,,,
,,,,,,,,,,,
,Papier satynowy + 12% do ceny,,,,,,,,,,
,,,,,,,,,,,
,Inne ilości wycena w KALKULATORZE,,,,,,,,,,
,,,,,,,,,,,
,DYPLOMY - druk cyfrowy,,,3,,,,,,,
,EXPRESS - najtaniej + 20%,,,,,,,,,,
,Kreda 200-300g,,,,,,,,,,
,,,,,,,,,,,
,Ilość,DL dwustronne DL,DL jednostronne aDL,,,,,,,,
,1 szt,"20,00zł",,,,,,,,,
,2 szt,"30,00zł",,,,,,,,,
,3 szt,"32,00zł",,,,,,,,,
,4 szt,"34,00zł",,,,,,,,,
,5 szt,"35,00zł",,,,,,,,,
,6 szt,"35,00zł",-12%,,,,,,,,
,7 szt,"36,00zł",-12%,,,,,,,,
,8 szt,"37,00zł",-12%,,,,,,,,
,9 szt,"39,00zł",-12%,,,,,,,,
,10 szt,"40,00zł",-12%,,,,,,,,
,15 szt,"45,00zł",-12%,,,,,,,,
,20 szt,"49,00zł",-12%,,,,,,,,
,30 szt,"58,00zł",-12%,,,,,,,,
,40 szt,"65,00zł",-12%,,,,,,,,
,50 szt,"75,00zł",-12%,,,,,,,,
,100 szt,"120,00zł",-12%,,,,,,,,
,,,,,,,,,,,
,Papier satynowy + 12% do ceny,,,,,,,,,,
,Inne ilości wycena w KALKULATORZE,,,,,,,,,,
,,,,,,,,,,,
,,,,4,38,Wizytówki DELUXE,,,,,
,WIZYTÓWKI - druk cyfrowy,,,,,,,,,,
,Wizytówki kreda mat 350g - Folia mat/błysk,,,,,czas realizacji 4-5 dni roboczych,,,,,
,,,,,,,,,,,
,nakład,85x55mm (bez foliowania),85x55mm (foliowane),,,UV 3D+SOFTTOUCH,,,,,
,50 szt.,"65,00zł","160,00zł",,,,,,,,
,100 szt.,"75,00zł","170,00zł",,,Maker UV 3D + folia SOFTTOUCH nakład,cena,Maker UV 3D + złocenie + folia SOFTTOUCH nakład,cena,,
,150 szt.,"85,00zł","180,00zł",,,50 szt.,"280,00zł",50 szt.,"450,00zł",,
,200 szt.,"96,00zł","190,00zł",,,100 szt.,"320,00zł",100 szt.,"550,00zł",,
,250 szt.,"110,00zł","200,00zł",,,200 szt.,"395,00zł",200 szt.,"650,00zł",,
,300 szt.,"126,00zł","220,00zł",,,250 szt.,"479,00zł",250 szt.,"720,00zł",,
,400 szt.,"146,00zł","240,00zł",,,500 szt.,"599,00zł",500 szt.,"790,00zł",,
,500 szt.,"170,00zł","250,00zł",,,400 szt.,"655,00zł",400 szt.,"850,00zł",,
,1000 szt.,"290,00zł","335,00zł",,,500 szt.,"778,00 zł / 920,00 zł",500 szt.,"905,00zł",,
,nakład,90x50mm (bez foliowania),90x50mm (foliowane),,,,,,,,
,50 szt.,"70,00zł","170,00zł",,,Wizytówki INNE Konfiguracje wycena PAULINA!,,,,,
,100 szt.,"79,00zł","180,00zł",,,,,,,,
,150 szt.,"89,00zł","190,00zł",,,,,,,,
,200 szt.,"99,00zł","200,00zł",,,,,,,,
,250 szt.,"120,00zł","210,00zł",,,,,,,,
,300 szt.,"129,00zł","230,00zł",,,,,,,,
,400 szt.,"149,00zł","250,00zł",,,,,,,,
,500 szt.,"175,00zł","260,00zł",,,,,,,,
,1000 szt.,"300,00zł","345,00zł",,,,,,,,
,,,,,,,,,,,
WIZYTÓWKI - druk cyfrowy - SOFTTOUCH,,,,5,,,,,,,
Wizytówki kreda mat 350g - SOFT TOUCH,,,,,,,,,,,
,,,,,,,,,,,
nakład,85x55mm (foliowane),cena,,,,,,,,,
50 szt.,,"65,00 zł / 170,00 zł",,,,,,,,,
100 szt.,,"75,00 zł / 190,00 zł",,,,,,,,,
150 szt.,,"85,00 zł / 210,00 zł",,,,,,,,,
200 szt.,,"96,00 zł / 220,00 zł",,,,,,,,,
250 szt.,,"110,00 zł / 230,00 zł",,,,,,,,,
300 szt.,,"126,00 zł / 240,00 zł",,,,,,,,,
400 szt.,,"145,00 zł / 260,00 zł",,,,,,,,,
500 szt.,,"170,00 zł / 270,00 zł",,,,,,,,,
1000 szt.,,"290,00 zł / 380,00 zł",,,,,,,,,
,,,,,,,,,,,
Wizytówki INNE Konfiguracje wycena PAULINA!,,,,,,,,,,,
,,,,,,,,,,,
,,,,,,,,,,,
nakład,90x50mm (foliowane),cena,,,,,,,,,
50 szt.,,"70,00 zł / 170,00 zł",,,,,,,,,
100 szt.,,"79,00 zł / 190,00 zł",,,,,,,,,
150 szt.,,"89,00 zł / 210,00 zł",,,,,,,,,
200 szt.,,"99,00 zł / 220,00 zł",,,,,,,,,
250 szt.,,"120,00 zł / 230,00 zł",,,,,,,,,
300 szt.,,"129,00 zł / 240,00 zł",,,,,,,,,
400 szt.,,"149,00 zł / 260,00 zł",,,,,,,,,
500 szt.,,"175,00 zł / 270,00 zł",,,,,,,,,
1000 szt.,,"300,00 zł / 390,00 zł",,,,,,,,,
,,,,,,,,,,,
,ZAPROSZENIA KREDA - druk cyfrowy,,,,,,,,,,
,Dwustronne 200-250g,,,,,,,,,,6
,Zaproszenia KREDA błysk/mat od 200g - 250g,,,,,,,,,,
,,,,,,,,,,,
,nakład,A6 (105x148mm) cena,A6 (2x 105x296mm) cena,nakład,A5 (148x210mm) cena,A5 (2x 148x420mm) cena,nakład,,,,
,10 szt.,"35,00zł","58,00zł",10 szt.,"40,00zł","65,00zł",10 szt.,DL (99x210mm) cena,DL (2xDL 99x420mm) cena,,
,24 szt.,"46,00zł","66,00zł",24 szt.,"49,00zł","80,00zł",24 szt.,"40,00zł","65,00zł",,
,32 szt.,"57,00zł","84,00zł",32 szt.,"62,00zł","115,00zł",32 szt.,"55,00zł","70,00zł",,
,50 szt.,"66,00zł","105,00zł",50 szt.,"79,00zł","149,00zł",50 szt.,"65,00zł","90,00zł",,
,75 szt.,"79,00zł","125,00zł",75 szt.,"97,00zł","199,00zł",75 szt.,"75,00zł","115,00zł",,
,100 szt.,"89,00zł","149,00zł",100 szt.,"126,00zł","245,00zł",100 szt.,"89,00zł","150,00zł",,
,150 szt.,"115,00zł","199,00zł",150 szt.,"170,00zł","340,00zł",150 szt.,"105,00zł","185,00zł",,
,większa ilość,wycena indywidualna,,większa ilość,wycena indywidualna,,większa ilość,"135,00zł","245,00zł",,
,,,,,,,,wycena indywidualna,,,
,Jednostronne 200-250g - analogiczna struktura,,,,,,,,,,
,,,,,,,,,,,
,możliwość wydruku zaproszeń na papierze satynowym,,,,,,,,,,
,czas realizacji 1-3 dni roboczych (składane + 1 dzień),,,,,,,,,,
,Inne ilości wycena w KALKULATORZE,,,,,,,,,,
,,,,,,,,,,,
Wycinanie z Folii kolorowej - M2 LITERY i Inne,,,,7,,,,,,,
,,,,,,,,,,,
,,,,,,,,,,,
Wycinanie z folii kolorowej powyżej 1m2,,125 zł zł/m2,,,,,,,,,
Wycinanie z folii złoto/srebro powyżej 1m2,,150 zł zł/m2,,,,,,,,,
Wycinanie z folii kolorowej poniżej 1m2,,200 zł/m2,,,,,,,,,
Wycinanie z folii złoto/srebro poniżej 1m2,,220 zł/m2,,,,,,,,,
,,,,,,,,,,,
-KWOTA MINIMALNA WYCINANIA - 30 ZŁ,,,,,,,,,,,
,,,,,,,,,,,
- Cena zawiera: Folia + wycinanie + wybieranie + transport,,,,,,,,,,,
,,,,,,,,,,,
,,,,,,,,,,,
,,,,8,,,,,,,
,BANNER,,,,,,,,,,
,,,,,,,,,,,
,Banner powlekany,,,,,,,,,,
,,,,,,,,,,,
,Ilość,cena / m2,,,,,,,,,
,1 - 25 m2,53 zł / m2,,,,,,,,,
,26 - 50 m2,49 zł / m2,,,,,,,,,
,51 - więcej m2,45 zł / m2,,,,,,,,,
,,,,,,,,,,,
,Banner Blockout,,,,,,,,,,
,,,,,,,,,,,
,Ilość,cena / m2,,,,,,,,,
,1 - 25 m2,64 zł / m2,,,,,,,,,
,26 - 50 m2,59 zł / m2,,,,,,,,,
,51 - więcej m2,55 zł / m2,,,,,,,,,
,"oczkowanie co 25 / 30 cm dodatkowo płatne + 2,50 zł/m2",,,,,,,,,,
,ROLL-UP,,,,,,,,,,
,RollUp Jednostronny,,,,,,,,,,
,nakład,1 - 5 szt.,6 - 10 szt.,,,,,,,,
,85 x 200 cm,290 zł/szt,275 zł/szt,,,,,,,,
,100 x 200 cm,305 zł/szt,285 zł/szt,,,,,,,,
,120 x 200 cm,330 zł/szt,310 zł/szt,,,,,,,,
,150 x 200 cm,440 zł/szt,425 zł/szt,,,,,,,,
,wymiana wkładu 50 zł + cena wydruku,,,,,,,,,,
,(wydruk RollUp 80zł/m2 - blockout z czarnym środkiem),,,,,,,,,,
,,,,,,,,,,,
,WLEPKI/NAKLEJKI,,,9,,,,,,,
,,,,,,,,,,,
,Wlepki po obrysie (Folia Biała/Trans),,,,,,,,,,
,,,,,,,,,,,
,Ilość,cena / m2,,,,,,,,,
,1 - 5 m2,67 zł / m2,,,,,,,,,
,6 - 25 m2,60 zł / m2,,,,,,,,,
,26 - 50 m2,56 zł / m2,,,,,,,,,
,26 - 50 m2,52 zł / m2,,,,,,,,,
,51 m2 i więcej,48 zł / m2,,,,,,,,,
,Wlepki/Folia z MOCNYM KLEJEM + 12% do ceny,,,,,,,,,,
,Wlepki po obrysie - Polipropylen,,,,,,,,,,
,Ilość,cena / m2,,,,,,,,,
,1 - 10 m2,50 zł / m2,,,,,,,,,
,11-więcej m2,42 zł / m2,,,,,,,,,
,Wlepki cięte na ARKUSZE sztuki + 2 zł/m2,,,,,,,,,,
,Wlepki cięte na POJEDYNCZE sztuki + 10 zł/m2,,,,,,,,,,
,Folia Biała / Transparentna,,,,,,,,,,
,Ilość,cena / m2,,,,,,,,,
,1 - 5 m2,54 zł / m2,,,,,,,,,
,6 - 25 m2,50 zł / m2,,,,,,,,,
,26 - 50 m2,46 zł / m2,,,,,,,,,
,51 m2 - więcej,42 zł / m2,,,,,,,,,
,,,,,,,,,,,
,FOLIA OWV,,,10,,,,,,,
,,,,,,,,,,,
,Folia OWV,,,,,,,,,,
,,,,,,,,,,,
,Ilość,cena / m2,,,,,,,,,
,1 - 3 m2,65 zł / m2,,,,,,,,,
,4 - 9 m2,60 zł / m2,,,,,,,,,
,10 - 20 m2,55 zł / m2,,,,,,,,,
,21 - 40 m2,50 zł / m2,,,,,,,,,
,41 m2 i więcej,45 zł / m2,,,,,,,,,
,,,,,,,,,,,
,Usługa oklejania witryn folią OWV,,,,,,,,,,
,,,,,,,,,,,
,Oklejanie witryn OWV,,,,,,,,,,
,,,,,,,,,,,
,Ilość,cena / m2 wykonanej usługi,,,,,,,,,
,1 - 5 m2,140 zł / m2,,,,,,,,,
,5 - 10 m2,130 zł / m2,,,,,,,,,
,10 - 20 m2,120 zł / m2,,,,,,,,,
,powyżej 20 m2,wycena indywidualna,,,,,,,,,
,Usługa obejmuje : Folia + Druk + Aplikacja,,,,,,,,,,
,FOLIA SZRONIONA,,,,,,,,,,
,Folia szroniona,,,,,,,,,,
,Ilość,cena / m2,,,,,,,,,
,1 - 5 m2,65 zł / m2,,,,,,,,,
,6 - 25 m2,60 zł / m2,,,,,,,,,
,26 - 50 m2,56 zł / m2,,,,,,,,,
,51 m2 - więcej,51 zł / m2,,,,,,,,,
,,,,,,,,,,,
,Usługa oklejania witryn folią SZRONIONĄ,,,,,,,,,,
,,,,,,,,,,,
,Oklejanie witryn - SZRONIONA,,,,,,,,,,
,,,,,,,,,,,
,Ilość,cena / m2 wykonanej usługi,,,,,,,,,
,1 - 5 m2,140 zł / m2,,,,,,,,,
,5 - 10 m2,130 zł / m2,,,,,,,,,
,10 - 20 m2,120 zł / m2,,,,,,,,,
,powyżej 20 m2,wycena indywidualna,,,,,,,,,
,Usługa obejmuje : Folia + Druk + Aplikacja,,,,,,,,,,
,,,,,,,,,,,
,,,,,11,,,,,,
,Druk CAD - KOLOR wielkiformatowy,,,,,,,,,,
,*druk i kopie kolor rysunków technicznych CAD - linie i cienkie teksty-WEKTOR,,,,,,,,,,
,,,,,,,,,,,
,FORMATOWE - KOLOR,,,,,,,,,,
,,,,,,,,,,,
,Druk wielkiformatowy kolorowy - WEKTOR,,,,,,,,,,
,,,,,,,,,,,
,cena,FORMATOWE,,,,,,,,,
,"26,00zł",Drukowanie kolor A0+ papier 80g/m2 WEKTOR,914x1292,,,,,,,,
,"24,00zł",Drukowanie kolor A0 papier 80g/m2 WEKTOR,841x1189,,,,,,,,
,"12,00zł",Drukowanie kolor A1 papier 80g/m2 WEKTOR,594x841,,,,,,,,
,"8,50zł",Drukowanie kolor A2 papier 80g/m2 WEKTOR,420x594,,,,,,,,
,"5,30zł",Drukowanie kolor A3 papier 80g/m2 WEKTOR,297x420 zł,,,,,,,,
,,,,,,,,,,,
,NIEFORMATOWE - KOLOR [MB],,,,,,,,,,
,,,,,,,,,,,
,Druk wielkiformatowy kolorowy - WEKTOR,,,,,,,,,,
,,,,,,,,,,,
,cena [MB],NIEFORMATOWE [MB] i długość x cena formatu,,,,,,,,,
,"21,00zł",Drukowanie kolor z roli A0+ papier 80g/m2 WEKTOR [MB],914x1292,,,,,,,,
,"20,00zł",Drukowanie kolor z roli A0 papier 80g/m2 WEKTOR [MB],841x1189,,,,,,,,
,"14,50zł",Drukowanie kolor z roli A1 papier 80g/m2 WEKTOR [MB],594x841,,,,,,,,
,"13,90zł",Drukowanie kolor z roli A2 papier 80g/m2 WEKTOR [MB],420x594,,,,,,,,
,"12,00zł",Drukowanie kolor z roli A3 papier 80g/m2 WEKTOR [MB],297x420 zł,,,,,,,,
,"30,00zł",Drukowanie kolor z roli 1067 papier 80g/m2 WEKTOR [MB],rolka 1067,,,,,,,,
,Zmniejszanie/Powiększanie pliku + 50% do ceny,,,,,,,,,,
,Ilości powyżej 30m2 wycena indywidualna,,,,,,,,,,
,APELNIENIE powyżej 25% doliczamy 50% ceny podstawowej,,,,,,,,,,
,,,,,,,,,,,
ULOTKI - CYFROWE DWUSTRONNE,,,,,12,,,,,,
,,,,,,,,,,,
Ilość,A6 (105x148) CENA [zł],A5 (148 x 210) CENA [zł],DL (99 x 210) CENA [zł],,,,,,,,
10 szt,"40,00zł",45zł,40zł,,,,,,,,
20 szt,"47,00zł","55,00zł",50zł,,,,,,,,
30 szt,"49,00zł","60,00zł",55zł,,,,,,,,
40 szt,"55,00zł","72,00zł",65zł,,,,,,,,
50 szt,"60,00zł","90,00zł",70zł,,,,,,,,
60 szt,"65,00zł","99,00zł",78zł,,,,,,,,
70 szt,"70,00zł","112,00zł",88zł,,,,,,,,
80 szt,"75,00zł","122,00zł",99zł,,,,,,,,
90 szt,"90,00zł","130,00zł",109zł,,,,,,,,
100 szt,"95,00zł","140,00zł",119zł,,,,,,,,
150 szt,"120,00zł","180,00zł",150zł,,,,,,,,
200 szt,"140,00zł","220,00zł",179zł,,,,,,,,
300 szt,"190,00zł","310,00zł",235zł,,,,,,,,
400 szt,"230,00zł","390,00zł",290zł,,,,,,,,
500 szt,"270,00zł","460,00zł",350zł,,,,,,,,
700 szt,"355,00zł","620,00zł",460zł,,,,,,,,
1000 szt,"476,00zł","790,00zł",590zł,,,,,,,,
,,,,,,,,,,,
,,,,,,,,,,,
,,,,,,,,,,,
,,,,,,,,,,,
,,,,,13,,,,,,
ULOTKI - CYFROWE JEDNOSTRONNE,,,,,,,,,,,
,,,,,,,,,,,
Ilość,A6 (105x148) CENA [zł],A5 (148 x 210) CENA [zł],DL (99 x 210) CENA [zł],,,,,,,,
10 szt,"30,00zł",35zł,30zł,,,,,,,,
20 szt,"35,00zł","42,00zł",35zł,,,,,,,,
30 szt,"40,00zł","50,00zł",40zł,,,,,,,,
40 szt,"45,00zł","59,00zł",45zł,,,,,,,,
50 szt,"55,00zł","69,00zł",55zł,,,,,,,,
60 szt,"61,00zł","75,00zł",60zł,,,,,,,,
70 szt,"65,00zł","82,00zł",65zł,,,,,,,,
80 szt,"70,00zł","88,00zł",70zł,,,,,,,,
90 szt,"75,00zł","93,00zł",75zł,,,,,,,,
100 szt,"79,00zł","95,00zł",83zł,,,,,,,,
150 szt,"90,00zł","130,00zł",100zł,,,,,,,,
200 szt,"110,00zł","150,00zł",120zł,,,,,,,,
300 szt,"145,00zł","210,00zł",160zł,,,,,,,,
400 szt,"160,00zł","259,00zł",199zł,,,,,,,,
500 szt,"190,00zł","300,00zł",230zł,,,,,,,,
700 szt,"255,00zł","410,00zł",310zł,,,,,,,,
1000 szt,"320,00zł","530,00zł",399zł,,,,,,,,
,,,,,,,,,,,
,,,,,,,,,,,
,,,,,,,,,,,
PLAKATY do 9 szt - MAŁY CANON,,,,,14,,,,,,
,,,,,,,,,,,
z marginesem do 9 szt. - 170g,,,,,,,,,,,
,,,,,,,,,,,
,Plakaty A4/A3 (jednostronne),,,,,,,,,,
,kreda 130/170g A4/A3,,,,,,,,,,
1-3 szt.,7,,,,,,,,,,
4-9 szt.,6,,,,,,,,,,
,,,,,,,,,,,
z marginesem do 9 szt. - 200g,,,,,,,,,,,
,,,,,,,,,,,
,Plakaty A4/A3 (jednostronne),,,,,,,,,,
,kreda 200g A4/A3,,,,,,,,,,
1-3 szt.,8,,,,,,,,,,
4-9 szt.,7,,,,,,,,,,
,,,,,,,,,,,
bez marginesu do 9 szt. - 170g,,,,,,,,,,,
,,,,,,,,,,,
,Plakaty A4/A3 (jednostronne),,,,,,,,,,
,kreda 130g/170g A4/A3,,,,,,,,,,
1-3 szt.,10,,,,,,,,,,
4-9 szt.,8,,,,,,,,,,
,,,,,,,,,,,
bez marginesu do 9 szt. - 200g,,,,,,,,,,,
,,,,,,,,,,,
,Plakaty A4/A3 (jednostronne),,,,,,,,,,
,kreda 200g A4/A3,,,,,,,,,,
1-3 szt.,11,,,,,,,,,,
4-9 szt.,9,,,,,,,,,,
Czas realizacji: 1-2 dni robocze,,,,,,,,,,,
,,,,,,,,,,,
,,,,,,,,,,,
,Folia / Papier samoprzylepne - Arkusze i Plotowane,,,,,,,,,,
,,,,,,,,,,,
,Ilość,PAPIER SRA3 Papier z klejem MAT/BŁYSK,FOLIA SRA3 Folia BIAŁA / BEZBARWNA,PLOTOWANE + CIĘTE NA SZTUKI NAKLEJKI PAPIER Papier z klejem MAT/BŁYSK,PLOTOWANE + CIĘTE NA SZTUKI NAKLEJKI Folia Folia BIAŁA / BEZBARWNA,EXPRESS NAKLEJKI ,,,,,
,1 szt,"20,00zł",59zł,40zł,50zł,Tego samego dnia,,,,,
,2 szt,"25,00 ZŁ","81,00zł",55zł,75zł,Tego samego dnia,,,,,
,3 szt,"29,00 ZŁ","102,00zł",70zł,99zł,Tego samego dnia,,,,,
,4 szt,"33,00 ZŁ","124,00zł",85zł,123zł,Tego samego dnia,,,,,
,5 szt,"36,00zł","145,00zł",95zł,145zł,Tego samego dnia,,,,,
,6 szt,"40,00zł","166,00zł",110zł,170zł,Tego samego dnia,,,,,
,7 szt,"44,00zł","188,00zł",115zł,190zł,Tego samego dnia,,,,,
,8 szt,"47,00zł","206,00zł",129zł,210zł,Tego samego dnia,,,,,
,9 szt,"51,00zł","226,00zł",145zł,240zł,Tego samego dnia,,,,,
,10 szt,"54,00zł","245,00zł",150zł,250zł,Tego samego dnia,,,,,
,15 szt,"75,00zł","295,00zł",189zł,330zł,Tego samego dnia,,,,,
,20 szt,"79,00zł","340,00zł",169zł,399zł,Tego samego dnia,,,,,
,25 szt,"105,00zł","380,00zł",210zł,490zł,Tego samego dnia,,,,,
,30 szt,"119,00zł","420,00zł",249zł,580zł,Tego samego dnia,,,,,
,,,,,,,,,,,
,,,,,,,,,,,
,,,,,,,,,,,
,,,,,,,,,,,
WYDRUKI SPECJALNE - MODIGLIANI - DO 3 SZTUK,,,,16,,,,,,,
,,,,,,,,,,,
Wydruk Kolor MODIGLIANI,,,,,,,,,15,,
,,,,,,,,,,,
Format/Rodzaj papieru,Cena,,,,,,,,,,
Modigliani 260g A-4,"12,00 zł/strona",,,,,,,,,,
Modigliani 260g A-3,"15,00 zł/strona",,,,,,,,,,
Do 3 sztuk przy Druku dwustronnym cena + 50%,,,,,,,,,,,
Większe ilości - wycena w KALKULATORZE CYFROWYM VIP.,,,,,,,,,,,
WYDRUKI KOPIARKOWE od ręki - Satyna 200g A4/A3,,,,,,,,,,,
wydruk A4/A3 (SATYNA 200G) z ramką,,,,,,,,,,,
Jednostronne,,,,,,,,,,,
nakład,cena,,,,,,,,,,
1 - 5 szt,"8,00 zł / sztuka",,,,,,,,,,
6 - 10 szt,"7,00 zł / sztuka",,,,,,,,,,
11 - 20 szt.,"5,50 zł / sztuka",,,,,,,,,,
,,,,,,,,,,,
Dwustronne,,,,,,,,,,,
,,,,,,,,,,,
nakład,cena,,,,,,,,,,
1 - 5 szt.,"10,00 zł / sztuka",,,,,,,,,,
6 - 10 szt.,"8,50 zł / sztuka",,,,,,,,,,
11 - 20 szt.,"6,50 zł / sztuka",,,,,,,,,,
,,,,,,,,,,,
"Docinanie białych ramek dodatkowo płatne 0,50 zł za jedno cięcie",,,,,,,,,,,
Dodatko płatne do ceny formatu: A3 + 10%,,,,,,,,,,,
,,,,,,,,,,,
,,,,,,,,,,,
,,,,,,,,,,,
LAMINOWANIE,,,,17,,,,,,,
,,,,,,,,,,,
Laminowanie na gorąco,,,,,,,,,,,
,,,,,,,,,,,
,do 50,51-100,101-200,,,,,,,,
A3,"7,00zł","6,00zł","5,00zł",,,,,,,,
A4,"5,00zł","4,50zł","4,00zł",,,,,,,,
A5,"4,00zł","3,50zł","3,00zł",,,,,,,,
A6,"3,00zł","2,50zł","2,00zł",,,,,,,,
,,,,,,,,,,,
BINDOWANIE - PLASTIK,,,,,,,,,,,
,,,,,,,,,,,
Bindowanie listwa zatrzaskowa/spirala plastik,,,,,,,,,,,
,,,,,,,,,,,
ilość kartek,do 20,21-100,powyżej 100,,,,,,,,
1-50 szt.,"7,00 zł/6,00 zł","5,00zł","4,00zł",,,,,,,,
51-100 szt.,"9,00zł","8,00zł","7,00zł",,,,,,,,
101-200 szt.,"13,00zł","12,00zł","11,00zł",,,,,,,,
,,,,,,,,,,,
BINDOWANIE - METAL,,,,,,,,,,,
,,,,,,,,,,,
Bindowanie spirala metalowa,,,,,,,,,,,
,,,,,,,,,,,
ilość kartek,do 40,do 80,do 120,,,,,,,,
1-50 szt.,"11,00zł","13,00zł","15,00zł",,,,,,,,
51-100 szt.,"10,00zł","11,00zł","13,00zł",,,,,,,,
,,,,,,,,,,,
,,,,,,,,,,,
,,,,,,,,,,,
PLAKATY Jednostronne A4/A3,,,,18,,,,,,,
,,,,,,,,,,,
Ilość,DRUK OFFSETOWY A4 - 170g kreda 130/170g,DRUK CYFROWY A3 - 170g kreda 130/170g,DRUK CYFROWY A4 - 200g kreda 200g,DRUK CYFROWY A3 - 200g kreda 200g,,,,,,,
10 szt,"47,00zł",60zł,52zł,64zł,,,,,,,
20 szt,"55,00zł","81,00zł","65,00zł","86,00zł",,,,,,,
30 szt,"69,00zł","102,00zł","73,00zł","111,00zł",,,,,,,
40 szt,"83,00zł","124,00zł","90,00zł","135,00zł",,,,,,,
50 szt,"95,00zł","145,00zł","105,00zł","155,00zł",,,,,,,
60 szt,"108,00zł","166,00zł","116,00zł","177,00zł",,,,,,,
70 szt,"120,00zł","188,00zł","129,00zł","199,00zł",,,,,,,
80 szt,"130,00zł","206,00zł","139,00zł","219,00zł",,,,,,,
90 szt,"141,00zł","226,00zł","155,00zł","240,00zł",,,,,,,
100 szt,"150,00zł","245,00zł","163,00zł","259,00zł",,,,,,,
125 szt,"180,00zł","295,00zł","193,00zł","315,00zł",,,,,,,
150 szt,"205,00zł","340,00zł","219,00zł","355,00zł",,,,,,,
175 szt,"233,00zł","380,00zł","249,00zł","410,00zł",,,,,,,
200 szt,"250,00zł","420,00zł","268,00zł","456,00zł",,,,,,,
,,,,,,,,,,,
,,,,,,,,,,,
ARTYKUŁY BIUROWE,,19,,,,,,,,,
,,,,,,,,,,,
artykuł,cena za szt.,,,,,,,,,,
TECZKI,,,,,,,,,,,
teczka biała z gumką,"4,00zł",,,,,,,,,,
teczka niebieska twarda,"15,00zł",,,,,,,,,,
teczka KOLOR z gumką,"5,50zł",,,USŁUGA EXPRESS,,,,,,,
teczka biała z wiązanką,"5,00zł",,,dodatkowo + 20% do ceny,,,,,,,
SKOROSZYT,,,,,,,,,,,
skoroszyt DURABLE,"10,00zł",,,express dotyczy,,,,,,,
skoroszyt z wąsem,"4,50zł",,,realizacji w 24h,,,,,,,
skoroszyt z wąsem do wpinania,"4,50zł",,,INNE ilości,,,,,,,
SEGREGATOR 7 cm,"13,00zł",,,wycena indywidualna,,,,,,,
KOSZULKA na dokumenty,"0,30 zł / 0,80 zł",,,,,,,,,,
Papier RYZA A4/A3,"19,00 zł / 35,00 zł",,,,,,,,,,
długopis / ołówek,"6,00 zł / 4,00 zł",,,,,,,,,,
PENDRIVE 32GB,"28,00zł",,,,,,,,,,
PENDRIVE 4GB,"22,00zł",,,,,,,,,,
KOPERTY,,,,,,,,,,,
KOPERTY zwykłe,"0,65zł",,,,,,,,,,
koperta rozszerzona,"3,00zł",,,,,,,,,,
Koperta wysyłkowa,"3,00zł",,,,,,,,,,
KOPERTY ozdobne/V,"1,40zł",,,,,,,,,,
PUDEŁKA / PŁYTY,,,,,,,,,,,
pudełko pakowe 80/100/120 cm,"4,50 zł / 5,00 zł / 6,00 zł",,,,,,,,,,
Płyty CD/DVD,"3,20 zł / 5,20 zł",,,,,,,,,,
,,,,,,,,,,,
,,,,,,,,,,,
,,,,20,,,,,,,
,Wycinanie z Folii kolorowej - M2 LITERY i Inne,,,,,,,,,,
,,,,,,,,,,,
,Typ,Warunek,Cena,,,,,,,,
,Wycinanie z folii kolorowej,powyżej 1m2,125 zł zł/m2,,,,,,,,
,Wycinanie z folii złoto/srebro,powyżej 1m2,150 zł zł/m2,,,,,,,,
,Wycinanie z folii kolorowej,poniżej 1m2,200 zł/m2,,,,,,,,
,Wycinanie z folii złoto/srebro,poniżej 1m2,220 zł/m2,,,,,,,,
,,,,,,,,,,,
,-KWOTA MINIMALNA WYCINANIA - 30 ZŁ,,,,,,,,,,
,,,,,,,,,,,
,- Cena zawiera: Folia + wycinanie + wybieranie + transport,,,,,,,,,,
,,,,,,,,,,,
,,,,,,,,,,,
,,,,,,,,,,,
,,,,,,,,,,,
,,,,,,,,,,,
,,,,22,,,,,,,
,,,,,,,,,,,
,Oto wszystkie cenniki w formacie tabelarycznym gotowym do wklejenia do Excela:,,,,,,,,,,
,,,,,,,,,,,
,OPRAWY,,,,,,,,,,
,,,,,,,,,,,
,Oprawa dokumentacji wydrukowanej u Nas,,,,,,,,,,
,,,,,,,,,,,
,Oprawy introligatorskie - zbijane,,,,,,,,,,
,,,,,,,,,,,
,zbijane,skracane-zruby introł.,,,,,,,,,
,"od 50,00 zł*","od 60,00 zł*",,,,,,,,,
,"cena 60 zł / 60 zł to oprawa dokumentów do 5 cm wysokości,",,,,,,,,,,
,każdy dodatkowy cm oprawy powyżej 5 cm - 10 zł,,,,,,,,,,
,Oprawa dokumentacji dostarczonej przez klienta,,,,,,,,,,
,Oprawy introligatorskie - zbijane,,,,,,,,,,
,zbijane,skracane-zruby introł.,,,,,,,,,
,"od 60,00 zł*","od 70,00 zł*",,,,,,,,,
,"cena 60 zł / 70 zł to oprawa dokumentów do 5 cm wysokości,",,,,,,,,,,
,każdy dodatkowy cm oprawy powyżej 5 cm - 12 zł,,,,,,,,,,
,Dodatkowo płatne,,,,,,,,,,
,Rozszycie oprawy Twardej od 25 do 40 zł,,,,,,,,,,
,Ponowne zszycie oprawy Twardej - 25 do 40 zł,,,,,,,,,,
,Introligatornia,,,,,,,,,,
,,,,,,,,,,,
,Cięcie na gilotynie,"0,07 zł / cięcie",,,,,,,,,
,Cięcie ręczne (TRYMER),"0,50 zł / cięcie",,,,,,,,,
,Drukowanie powyżej 20 kartek,"0,05 zł/szt 1 kartka",,,,,,,,,
,Zszywanie kartek,"0,30 zł / 1 zszywka",,,,,,,,,
,Broszurowanie / docnianie,"0,50 zł / 1 cięcie",,,,,,,,,
,Bigowanie,"0,50 zł / 1 big",,,,,,,,,
,,,,,,,,,,,
,,,,,23,,,,,,
,OPRAWY,,,,,,,,,,
,,,,,,,,,,,
,Oprawa grzbietowa (listwa wsuwana),,,,,,,,,,
,,,,,,,,,,,
,Ilość stron,cena oprawy A4/A3,,,,,,,,,
,do 50 str.,"3,50 zł / 7,00 zł",,,,,,,,,
,do 60 str.,"4,50 zł / 8,00 zł",,,,,,,,,
,do 90 str.,"5,50 zł / 9,00 zł",,,,,,,,,
,do 150 str.,"7,00 zł / 14,00 zł",,,,,,,,,
,,,,,,,,,,,
,Oprawy kanałowe - dyplomowe,,,,,,,,,,
,,,,,,,,,,,
,z napisem STANDARD,z napisem KOLORY,bez napisn Standard,wkarta okładka,,,,,,,
,"czarny,granat,zielony,bordo",*pozostałe kolory,"35,00zł","10,00zł",,,,,,,
,"35,00zł","35,00zł","20,00zł","10,00zł",,,,,,,
,cena zawiera - okładkę + usługę oprawienia,,,,,,,,,,
,Oprawa zaciskowa i Inne,,,,,,,,,,
,biała - zszywka THERMO,zaciskowa miękka,skoroszyt + zszywane,,,,,,,,
,"8,00 zł*","15,00zł","7,00 zł*",,,,,,,,
,,,,,,,,,,,
,Dodatkowo płatne,,,,,,,,,,
,,,,,,,,,,,
,Rozszycie oprawy Twardej od 25 do 40 zł,,,,,,,,,,
,Ponowne zszycie oprawy Twardej - 25 do 40 zł,,,,,,,,,,
,Rozszycie + zszycie oprawy miękkiej dodatkowo PŁATNE od 5 do 10 zł,,,,,,,,,,
,,,,,,,,,,,
,,,,,24,,,,,,
,Plakaty - PAPIER 120 G A3-A0+,,,,,,,,,,
,,,,,,,,,,,
,RABAT ilościowy!,,,,,,,,,,
,,,,,,,,,,,
,FORMATOWE,,,,,,,,,,
,,,,,,,,,,,
,Plakaty 120g (z powietrzny matowy),,,,,,,,,,
,,,,,,,,,,,
,cena,FORMATOWE,rolka 1067,,,,,,,,
,"68,00zł",Drukowanie plakat 120* papier 120g,914x1292,,,,,,,,
,"50,00zł",Drukowanie kolor A0+1067 papier 120g,914x1189,,,,,,,,
,"34,00zł",Drukowanie kolor A0 papier 120g,641x1189,,,,,,,,
,"28,00zł",Drukowanie kolor A1 papier 120g,594x841,,,,,,,,
,"18,00zł",Drukowanie kolor A2 papier 120g,420x594,,,,,,,,
,"12,00zł",Drukowanie kolor A3 papier 120g,297x420 zł,,,,,,,,
,,,,,,,,,,,
,NIEFORMATOWE [MB],,,,,,,,,,
,,,,,,,,,,,
,Plakaty 120g (z powietrzny matowy),,,,,,,,,,
,,,,,,,,,,,
,cena,NIEFORMATOWE,,,,,,,,,
,"63,00zł",Drukowanie plakat 1067 papier 120g,rolka 1067,,,,,,,,
,"50,00zł",Drukowanie plakat A0+1067 papier 120g,914x1292,,,,,,,,
,"35,00zł",Drukowanie plakat A0 papier 120g,841x1189,,,,,,,,
,"33,00zł",Drukowanie plakat A1 papier 120g,310x841,,,,,,,,
,"30,00zł",Drukowanie plakat A0 papier 120g,420x594,,,,,,,,
,"28,00zł",Drukowanie plakat A3 papier 120g,297x420 zł,,,,,,,,
,,,,,,,,,,,
,RABAT!,,,,,,,,,,
,,,,,,,,,,,
,od 2 do 5 szt cena - 5%,,,,,,,,,,
,od 6 do 20 szt cena - 8%,,,,,,,,,,
,od 20 do 30 szt szt cena - 13%,,,,,,,,,,
,większe ilości wycena indywidualna,,,,,,,,,,
,,,,,,,,,,,
,,,,,,,,,,,
,,,,,25,,,,,,
,Plakaty - PAPIER 120 G A3-A0+,,,,,,,,,,
,,,,,,,,,,,
,RABAT ilościowy!,,,,,,,,,,
,,,,,,,,,,,
,FORMATOWE,,,,,,,,,,
,,,,,,,,,,,
,Plakaty 120g (z powietrzny matowy),,,,,,,,,,
,,,,,,,,,,,
,cena,FORMATOWE,rolka 1067,,,,,,,,
,"68,00zł",Drukowanie plakat 120* papier 120g,914x1292,,,,,,,,
,"50,00zł",Drukowanie kolor A0+1067 papier 120g,914x1189,,,,,,,,
,"34,00zł",Drukowanie kolor A0 papier 120g,641x1189,,,,,,,,
,"28,00zł",Drukowanie kolor A1 papier 120g,594x841,,,,,,,,
,"18,00zł",Drukowanie kolor A2 papier 120g,420x594,,,,,,,,
,"12,00zł",Drukowanie kolor A3 papier 120g,297x420 zł,,,,,,,,
,,,,,,,,,,,
,NIEFORMATOWE [MB],,,,,,,,,,
,,,,,,,,,,,
,Plakaty 120g (z powietrzny matowy),,,,,,,,,,
,,,,,,,,,,,
,cena,NIEFORMATOWE,,,,,,,,,
,"63,00zł",Drukowanie plakat 1067 papier 120g,rolka 1067,,,,,,,,
,"50,00zł",Drukowanie plakat A0+1067 papier 120g,914x1292,,,,,,,,
,"35,00zł",Drukowanie plakat A0 papier 120g,841x1189,,,,,,,,
,"33,00zł",Drukowanie plakat A1 papier 120g,310x841,,,,,,,,
,"30,00zł",Drukowanie plakat A0 papier 120g,420x594,,,,,,,,
,"28,00zł",Drukowanie plakat A3 papier 120g,297x420 zł,,,,,,,,
,,,,,,,,,,,
,RABAT!,,,,,,,,,,
,,,,,,,,,,,
,od 2 do 5 szt cena - 5%,,,,,,,,,,
,od 6 do 20 szt cena - 8%,,,,,,,,,,
,od 20 do 30 szt szt cena - 13%,,,,,,,,,,
,większe ilości wycena indywidualna,,,,,,,,,,
,,,,,,26,,,,,
,,,,,,,,,,,
,CANVAS PŁÓTNO,,,,,,,,,,
,,,,,,,,,,,
,Płótno Canvas z oprawą 240g,,,,,,,,,,
,,,,,,,,,,,
,50x40,50x40,70x50,100x70,120x80,niestandardowy,,,,,
,"69,00zł","78,00zł","120,00zł","210,00zł","270,00zł",wycena indywidualna,,,,,
,,,,,,,,,,,
,Płótno Canvas bez oprawy (ramki) 240g,,,,,,,,,,
,,,,,,,,,,,
,50x40,50x40,70x50,100x70,120x80,niestandardowy,,,,,
,"39,00zł","48,00zł","62,00zł","120,00zł","172,00zł",wycena indywidualna,,,,,
,"Cena 1 m2 (bez oprawy, sam wydruk) - 180 zł",,,,,,,,,,
,"Cena oprawy za zamówienie - 0,22 zł / cmb",,,,,,,,,,
,"Canvas 240g poliester - gładka powierzchnia,",,,,,,,,,,
,"odporny na wilgoć, pleśń i grzyby, nie wyciąga się",,,,,,,,,,
,,,,,,,,,,,
,,,,,,,,,,,
,,,,,,,,,,,
,,,,,,27,,,,,
,Fotoplakaty - SATYNA 260g A3-A0+,,,,,,,,,,
,,,,,,,,,,,
,RABAT ilościowy!,,,,,,,,,,
,,,,,,,,,,,
,FORMATOWE,,,,,,,,,,
,,,,,,,,,,,
,Fotoplakaty (satyna 260g),,,,,,,,,,
,,,,,,,,,,,
,cena,FORMATOWE,,,,,,,,,
,"88,00zł",Drukowanie kolor A0+ papier PHOTO 260g/m2,914x1292,,,,,,,,
,"80,00zł",Drukowanie kolor A0 papier PHOTO 260g/m2,841x1189,,,,,,,,
,"50,00zł",Drukowanie kolor A1 papier PHOTO 260g/m2,594x841,,,,,,,,
,"39,00zł",Drukowanie kolor A2 papier PHOTO 260g/m2,420x594,,,,,,,,
,"23,00zł",Drukowanie kolor A3 papier PHOTO 260g/m2,297x420 zł,,,,,,,,
,,,,,,,,,,,
,NIEFORMATOWE [MB],,,,,,,,,,
,,,,,,,,,,,
,Fotoplakaty (satyna 260g),,,,,,,,,,
,,,,,,,,,,,
,cena,NIEFORMATOWE,,,,,,,,,
,"75,30zł",Drukowanie kolor A0+ papier PHOTO 260g/m2,914x1292,,,,,,,,
,"66,70zł",Drukowanie kolor A0 papier PHOTO 260g/m2,841x1189,,,,,,,,
,"39,50zł",Drukowanie kolor A1 papier PHOTO 260g/m2,594x841,,,,,,,,
,"36,00zł",Drukowanie kolor A2 papier PHOTO 260g/m2,420x594,,,,,,,,
,"27,00zł",Drukowanie kolor A3 papier PHOTO 260g/m2,297x420 zł,,,,,,,,
,,,,,,,,,,,
,RABAT,,,,,,,,,,
,,,,,,,,,,,
,od 9 do 20 szt cena - 7%,,,,,,,,,,
,od 20 do 30 szt szt cena - 12%,,,,,,,,,,
,,,,,,,,,,,
,,,,,,28,,,,,
,SKŁADANIE i SKANOWANIE,,,,,,,,,,
,,,,,,,,,,,
,SKŁADANIE,,,,,,,,,,
,,,,,,,,,,,
,Składanie wielkofomatowe,,,,,,,,,,
,,,,,,,,,,,
,A0+,A0,A1,A2,A3,A3-poprzeczne,,,,,
,"4,00zł","3,00zł","2,00zł","1,50zł","1,00zł","0,70zł",,,,,
,Składanie rysunków przeniesionych przez klienta 4 zł/szt,,,,,,,,,,
,"Składanie rysunków NIEFORMATOWYCH - 2,5 zł/m2",,,,,,,,,,
,Doklejanie PASKÓW wzmacniających do,,,,,,,,,,
,"rysunków - 0,80 zł",,,,,,,,,,
,SKANOWANIE WIELKOFOMATOWE,,,,,,,,,,
,Skanowanie wielkofomatowe,,,,,,,,,,
,(kolor 2/szb),"(0,2mm)",,,,,,,,,
,,,,,,,,,,,
,,,,,,,,,,,
,"*Wysłanie E-MAIL dodatkowo płatne 1,00 zł",,,,,,,,,,
,,,,,,,,,,,
,,,,,,,,,,,
,,,,,,29,,,,,
,Plakaty - POLIPROPYLEN A3-A0+,,,,,,,,,,
,,,,,,,,,,,
,RABAT ilościowy!,,,,,,,,,,
,,,,,,,,,,,
,FORMATOWE,,,,,,,,,,
,,,,,,,,,,,
,Plakaty 180g (polipropylen),,,,,,,,,,
,,,,,,,,,,,
,cena,FORMATOWE,,,,,,,,,
,"74,00zł",Drukowanie kolor A0+ (papier) 180g/m2 PP,914x1292,,,,,,,,
,"70,00zł",Drukowanie kolor A0 papier 180g/m2 PP,841x1189,,,,,,,,
,"45,00zł",Drukowanie kolor A1+ papier 180g/m2 PP,610x841,,,,,,,,
,"37,00zł",Drukowanie kolor A2 papier 180g/m2 PP,420x594,,,,,,,,
,"18,00zł",Drukowanie kolor A3 papier 180g/m2 PP,297x420 zł,,,,,,,,
,,,,,,,,,,,
,NIEFORMATOWE [MB],,,,,,,,,,
,,,,,,,,,,,
,Plakaty 180g (polipropylen),,,,,,,,,,
,,,,,,,,,,,
,cena,NIEFORMATOWE,,,,,,,,,
,"70,50zł",Drukowanie kolor A0+ rolka 1067 papier 180g/m2 PP,914x1292,,,,,,,,
,"62,00zł",Drukowanie kolor A0 papier 180g/m2 PP,841x1189,,,,,,,,
,"34,00zł",Drukowanie kolor A1+ papier 180g/m2 PP,610x841,,,,,,,,
,"31,00zł",Drukowanie kolor A2 papier 180g/m2 PP,420x594,,,,,,,,
,"23,00zł",Drukowanie kolor A3 papier 180g/m2 PP,297x420 zł,,,,,,,,
,,,,,,,,,,,
,RABAT,,,,,,,,,,
,,,,,,,,,,,
,od 2 do 5 szt cena - 5%,,,,,,,,,,
,od 6 do 20 szt cena - 8%,,,,,,,,,,
,od 20 do 30 szt szt cena - 13%,,,,,,,,,,
,,,,,,,,,,,
,,,,,,30,,,,,
,Druk CAD - CZARNO-BIAŁY wielkofomatowy,,,,,,,,,,
,,,,,,,,,,,
,FORMATOWE CZ-B,,,,,,,,,,
,,,,,,,,,,,
,Druk wielkofomatowy cz.-b.-WEKTOR,,,,,,,,,,
,,,,,,,,,,,
,cena,FORMATOWE,,,,,,,,,
,"12,50zł",Drukowanie cz-b 80g papier 80g/m2 WEKTOR,914x1292,,,,,,,,
,"11,00zł",Drukowanie cz-b A0 papier 80g/m2 WEKTOR,841x1189,,,,,,,,
,"6,00zł",Drukowanie cz-b A1 papier 80g/m2 WEKTOR,594x841,,,,,,,,
,"4,00zł",Drukowanie cz-b A2 papier 80g/m2 WEKTOR,420x594,,,,,,,,
,"2,50zł",Drukowanie cz-b A3 papier 80g/m2 WEKTOR,297x420 zł,,,,,,,,
,"13,00zł",Drukowanie cz-b A0+ papier 80g/m2 WEKTOR,rolka 1067,,,,,,,,
,,,,,,,,,,,
,NIEFORMATOWE CZ-B [MB],,,,,,,,,,
,,,,,,,,,,,
,Druk wielkofomatowy cz.-b.-WEKTOR,,,,,,,,,,
,,,,,,,,,,,
,cena [MB],NIEFORMATOWE [MB] i długość x cena formatu,,,,,,,,,
,"10,00zł",Drukowanie cz-b z roli A0+ papier 80g/m2 WEKTOR [MB],914x1292,,,,,,,,
,"9,00zł",Drukowanie cz-b z roli A0 papier 80g/m2 WEKTOR [MB],841x1189,,,,,,,,
,"5,00zł",Drukowanie cz-b z roli A1 papier 80g/m2 WEKTOR [MB],594x841,,,,,,,,
,"4,50zł",Drukowanie cz-b z roli A2 papier 80g/m2 WEKTOR [MB],420x594,,,,,,,,
,"3,50zł",Drukowanie cz-b z roli A3 papier 80g/m2 WEKTOR [MB],297x420 zł,,,,,,,,
,"12,50zł",Drukowanie cz-b z roli 1067 papier 80g/m2 WEKTOR [MB],rolka 1067,,,,,,,,
,Zmniejszanie/Powiększanie pliku + 50% do ceny,,,,,,,,,,
,"kopie cz-b rysunków technicznych CAD - linie i cienkie teksty, WEKTOR",,,,,,,,,,
,*ZAPELNIENIE powyżej 26% doliczamy 50% ceny podstawowej,,,,,,,,,,
,,,,,,,,,,,
,,,,,,,,,,,
,,,,,,31,,,,,
,,,,,,,,,,,
,USŁUGA EXPRESS,,,,,,,,,,
,dodatkowo + 20% do ceny,,,,,,,,,,
,,,,,,,,,,,
,express dotyczy,,,,,,,,,,
,realizacji w 24h,,,,,,,,,,
,INNE ilości,,,,,,,,,,
,kalkulator CYFROWY,,,,,,,,,,
,,,,,,,,,,,
,,,,,,,,,,,
,,,,,,32,,,,,
,Dodatkowe usługi,,,,,,,,,,
,,,,,,,,,,,
,2. Formatowanie,,,,,,,,,,
,,,,,,,,,,,
,od 5 zł do 65 zł,,,,,,,,,,
,(cena uzależniona od poświęconego czasu),,,,,,,,,,
,---> odnośnik: 65 zł - to godzina pracy,,,,,,,,,,
,3. Archiwizacja danych,,,,,,,,,,
,Nagranie płyty CD-ROM - 5 zł,,,,,,,,,,
,Nagranie płyty DVD - 7 zł,,,,,,,,,,
,3. Scalanie/Nazywanie plików,,,,,,,,,,
,do 9 plików - 7 zł,,,,,,,,,,
,9 - 19 plików - 12 zł,,,,,,,,,,
,powyżej 20 plików - 20 zł,,,,,,,,,,
,,,,,,,,,,,
,,,,,,,,,,,
,,,,,,33,,,,,
,Druk CAD - KOLOR wielkofomatowy,,,,,,,,,,
,,,,,,,,,,,
,FORMATOWE - KOLOR,,,,,,,,,,
,,,,,,,,,,,
,Druk wielkofomatowy kolorowy - WEKTOR,,,,,,,,,,
,,,,,,,,,,,
,cena,FORMATOWE,,,,,,,,,
,"26,00zł",Drukowanie kolor A0+ papier 80g/m2 WEKTOR,914x1292,,,,,,,,
,"24,00zł",Drukowanie kolor A0 papier 80g/m2 WEKTOR,841x1189,,,,,,,,
,"12,00zł",Drukowanie kolor A1 papier 80g/m2 WEKTOR,594x841,,,,,,,,
,"8,50zł",Drukowanie kolor A2 papier 80g/m2 WEKTOR,420x594,,,,,,,,
,"5,30zł",Drukowanie kolor A3 papier 80g/m2 WEKTOR,297x420 zł,,,,,,,,
,,,,,,,,,,,
,NIEFORMATOWE - KOLOR [MB],,,,,,,,,,
,,,,,,,,,,,
,Druk wielkofomatowy kolorowy - WEKTOR,,,,,,,,,,
,,,,,,,,,,,
,cena [MB],NIEFORMATOWE [MB] i długość x cena formatu,,,,,,,,,
,"21,00zł",Drukowanie kolor z roli A0+ papier 80g/m2 WEKTOR [MB],914x1292,,,,,,,,
,"20,00zł",Drukowanie kolor z roli A0 papier 80g/m2 WEKTOR [MB],841x1189,,,,,,,,
,"14,50zł",Drukowanie kolor z roli A1 papier 80g/m2 WEKTOR [MB],594x841,,,,,,,,
,"13,90zł",Drukowanie kolor z roli A2 papier 80g/m2 WEKTOR [MB],420x594,,,,,,,,
,"12,00zł",Drukowanie kolor z roli A3 papier 80g/m2 WEKTOR [MB],297x420 zł,,,,,,,,
,"30,00zł",Drukowanie kolor z roli 1067 papier 80g/m2 WEKTOR [MB],rolka 1067,,,,,,,,
,Zmniejszanie/Powiększanie pliku + 50% do ceny,,,,,,,,,,
,Ilości powyżej 30m2 wycena indywidualna,,,,,,,,,,
,*APELNIENIE powyżej 25% doliczamy 50% ceny podstawowej,,,,,,,,,,
,,,,,,,,,,,
,,,,34,,,,,,,
,GRAFIKA,,,,,,,,,,
,,,,,,,,,,,
,1. Projektowanie Graficzne,,,,,,,,,,
,,,,,,,,,,,
,65 zł - poprawki graficzne pliku klienta (minimalna kwota 10 zł),,,,,,,,,,
,CENA! uzależniona od złożoności projektu,,,,,,,,,,
,Przygotowanie graficzne BANERU/ROLLUP,,,,,,,,,,
,od 160 zł (prosty),,,,,,,,,,
,od 250 zł (złożony - więcej elementów),,,,,,,,,,
,Przygotowanie graficzne WIZYTÓWKI,,,,,,,,,,
,od 120 zł (jednostronna),,,,,,,,,,
,od 180 zł (dwustronna),,,,,,,,,,
,Przygotowanie graficzne ULOTKI,,,,,,,,,,
,jednostronnej od 150 zł,,,,,,,,,,
,dwustronnej od 210 zł,,,,,,,,,,
,PAKIET PROSTY - wizytówka+ulotka+baner - od 349 zł,,,,,,,,,,
,PAKIET ZŁOŻONY - wizytówka+ulotka+baner - od 449 zł,,,,,,,,,,
,Przygotowanie graficzne LOGOTYPU podstawowy - od 550 zł,,,,,,,,,,
,Projekt grafik na SOCIAL MEDIA -,,,,,,,,,,
,1 projekt - od 80 zł,,,,,,,,,,
,3 projekty - od 190 zł,,,,,,,,,,
,w cenie: 2 propozycje + 2 poprawki -,,,,,,,,,,
,poprawki nie mogą przekraczać czasu pracy grafika 30 min,,,,,,,,,,
,więcej poprawek dodatkowo PŁATNE,,,,,,,,,,
,,,,,,,,,,,
,,,,,,,,,,,
,,,,,35,,,,,,
,CENNIK - STUDIO RAZ DRUKU DWA,,,,,,,,,,
,,,,,,,,,,,
,Druk mały format - A4 / A3,,,,,,,,,,
,,,,,,,,,,,
,° Wysłanie - E-MAILA koszt 1 zł,,,,,,,,,,
,,,,,,,,,,,
,Druk / Ksero czarno-biały,,,,,,,,,,
,,,,,,,,,,,
,nakład,A4,A3,,,,,,,,
,do 5 str.,"0,90zł","1,70zł",,,,,,,,
,6-20 str.,"0,60zł","1,10zł",,,,,,,,
,21-100 str.,"0,35zł","0,70zł",,,,,,,,
,101-500 str.,"0,30zł","0,60zł",,,,,,,,
,500-999 str.,"0,23zł","0,45zł",,,,,,,,
,1 000-4 999 str.,"0,19zł","0,33zł",,,,,,,,
,1000-9 999 str.,"0,15zł",,,,,,,,,
,,,,,,,,,,,
,Druk / Ksero kolorowy,,,,,,,,,,
,,,,,,,,,,,
,nakład,A4,A3,,,,,,,,
,1-10 str.,"2,40zł","4,80zł",,,,,,,,
,11-40 str.,"2,20zł","4,20zł",,,,,,,,
,41-100 str.,"2,00zł","3,80zł",,,,,,,,
,101-250 str.,"1,80zł","3,00zł",,,,,,,,
,251-500 str.,"1,60zł","2,50zł",,,,,,,,
,501-999 str.,"1,40zł","1,90zł",,,,,,,,
,1 000-4 999 str.,"1,10zł",,,,,,,,,
,,,,,,,,,,,
,*KOPIE O ZWIĘKSZONYM STOPNIU TRUDNOŚCI (Z SZYBY) + 20%,,,,,,,,,,
,,,,,,,,,,,
,*przy zadruku powyżej 25% powierzchni doliczmy 50% ceny podstawowej.,,,,,,,,,,
,,,,,,,,,,,
,SKANOWANIE A4/A3,,,,,,,,,,
,,,,,,,,,,,
,Skanowanie automatyczne A4/A3,,,,,,,,,,
,,,,,,,,,,,
,1-9 str.,10-49 str.,50-99 str.,od 100 str.,,,,,,,
,"1,00zł","0,50zł","0,40zł","0,25zł",,,,,,,
,,,,,,,,,,,
,Skanowanie ręczne z szyby A4/A3,,,,,,,,,,
,,,,,,,,,,,
,do 4 str.,od 5 str.,,,,,,,,,
,"2,00zł","1,00zł",,,,,,,,,
,,,,,,,,,,,
,Etykieta cz-b A6/A4,,,,,,,,,,
,,,,,,,,,,,
,etykieta A6,"1,60zł",,,,,,,,,
,etykieta A4,,,,,,,,,,
,,,,,,,,,,,
,,,,,,,,,,,
,,,,,,36,,,,,
,KARTKA 1: ZAPROSZENIA SATYNA - druk cyfrowy,,,,,,,,,,
,,,,,,,,,,,
,Dwustronne 200-250g,,,,,,,,,,
,,,,,,,,,,,
,Zaproszenia SATYNA błysk/mat od 200g - 250g,,,,,,,,,,
,,,,,,,,,,,
,A6 (105x148mm) / 2x A6 (105x296mm) nakład,cena,A5 (148x210mm) / 2x A5 (148x420mm) nakład,cena,DL (99x210mm) / 2xDL (99x420mm) nakład,cena,,,,,
,10 szt.,"35,00 zł / 58,00 zł",10 szt.,"40,00 zł / 65,00 zł",10 szt.,"40,00 zł / 65,00 zł",,,,,
,24 szt.,"51,00 zł / 70,00 zł",24 szt.,"55,00 zł / 80,00 zł",24 szt.,"58,00 zł / 80,00 zł",,,,,
,32 szt.,"61,00 zł / 84,00 zł",32 szt.,"64,00 zł / 90,00 zł",32 szt.,"67,00 zł / 95,00 zł",,,,,
,50 szt.,"70,00 zł / 115,00 zł",50 szt.,"80,00 zł / 105,00 zł",50 szt.,"83,00 zł / 120,00 zł",,,,,
,75 szt.,"86,00 zł / 135,00 zł",75 szt.,"100,00 zł / 130,00 zł",75 szt.,"97,00 zł / 150,00 zł",,,,,
,100 szt.,"97,00 zł / 159,00 zł",100 szt.,"110,00 zł / 169,00 zł",100 szt.,"120,00 zł / 203,00 zł",,,,,
,150 szt.,"125,00 zł / 215,00 zł",150 szt.,"180,00 zł / 239,00 zł",150 szt.,"143,00 zł / 275,00 zł",,,,,
,większa ilość,wycena indywidualna,większa ilość,wycena indywidualna,większa ilość,wycena indywidualna,,,,,
,,,,,,,,,,,
,Jednostronne 200-250g,,,,,,,,,,
,,,,,,,,,,,
,Zaproszenia SATYNA błysk/mat od 200g - 250g,,,,,,,,,,
,,,,,,,,,,,
,A6 (105x148mm) / 2x A6 (105x296mm) nakład,cena,A5 (148x210mm) / 2x A5 (148x420mm) nakład,cena,DL (99x210mm) / 2xDL (99x420mm) nakład,cena,,,,,
,10 szt.,"30,00 zł / 50,00 zł",10 szt.,"35,00 zł / 57,00 zł",10 szt.,"37,00 zł / 55,00 zł",,,,,
,24 szt.,"42,00 zł / 57,00 zł",24 szt.,"45,00 zł / 67,00 zł",24 szt.,"48,00 zł / 65,00 zł",,,,,
,32 szt.,"50,00 zł / 65,00 zł",32 szt.,"52,00 zł / 77,00 zł",32 szt.,"55,00 zł / 73,00 zł",,,,,
,50 szt.,"57,00 zł / 75,00 zł",50 szt.,"60,00 zł / 98,00 zł",50 szt.,"64,00 zł / 95,00 zł",,,,,
,75 szt.,"63,00 zł / 88,00 zł",75 szt.,"68,00 zł / 130,00 zł",75 szt.,"74,00 zł / 99,00 zł",,,,,
,100 szt.,"73,00 zł / 105,00 zł",100 szt.,"84,00 zł / 159,00 zł",100 szt.,"86,00 zł / 125,00 zł",,,,,
,150 szt.,"86,00 zł / 135,00 zł",150 szt.,"116,00 zł / 219,00 zł",150 szt.,"110,00 zł / 169,00 zł",,,,,
,większa ilość,wycena indywidualna,większa ilość,wycena indywidualna,większa ilość,wycena indywidualna,,,,,
,możliwość wydruku zaproszeń na papierze satynowym,,,,,,,,,,
,czas realizacji 1-3 dni roboczych (składane + 1 dzień),,,,,,,,,,
,Inne ilości wycena w KALKULATORZE,,,,,,,,,,
,,,,,,,,,,,
,,,,,,,,,,,
,,,,,,37,,,,,
,VOUCHERY - druk cyfrowy,,,,,,,,,,
,,,,,,,,,,,
,EXPRESS - najtaniej + 20%,,,,,,,,,,
,,,,,,,,,,,
,Kreda 200-350g,,,,,,,,,,
,,,,,,,,,,,
,Ilość6,A4 jednostronne a4,A4 dwustronne a4,cena,DL (99x210mm) / 2xDL (99x420mm) nakład,cena,,,,,
,1 szt,"20,00zł",25zł,"40,00 zł / 65,00 zł",10 szt.,"40,00 zł / 65,00 zł",,,,,
,2 szt,"29,00 ZŁ","32,00zł","55,00 zł / 80,00 zł",24 szt.,"58,00 zł / 80,00 zł",,,,,
,3 szt,"30,00zł","37,00zł","64,00 zł / 90,00 zł",32 szt.,"67,00 zł / 95,00 zł",,,,,
,4 szt,"32,00zł","39,00zł","80,00 zł / 105,00 zł",50 szt.,"83,00 zł / 120,00 zł",,,,,
,5 szt,"35,00zł","43,00zł","100,00 zł / 130,00 zł",75 szt.,"97,00 zł / 150,00 zł",,,,,
,6 szt,"39,00zł","45,00zł","110,00 zł / 169,00 zł",100 szt.,"120,00 zł / 203,00 zł",,,,,
,7 szt,"41,00zł","48,00zł","180,00 zł / 239,00 zł",150 szt.,"143,00 zł / 275,00 zł",,,,,
,8 szt,"45,00zł","50,00zł",wycena indywidualna,większa ilość,wycena indywidualna,,,,,
,9 szt,"48,00zł","52,00zł",,,,,,,,
,10 szt,"52,00zł","58,00zł",,,,,,,,
,15 szt,"60,00zł","70,00zł",,,,,,,,
,20 szt,"67,00zł","82,00zł",,,,,,,,
,25 szt,"74,00zł","100,00zł",,,,,,,,
,30 szt,"84,00zł","120,00zł",cena,DL (99x210mm) / 2xDL (99x420mm) nakład,cena,,,,,
,,"30,00 zł / 50,00 zł",10 szt.,"35,00 zł / 57,00 zł",10 szt.,"37,00 zł / 55,00 zł",,,,,
,Papier satynowy + 12% do ceny,"42,00 zł / 57,00 zł",24 szt.,"45,00 zł / 67,00 zł",24 szt.,"48,00 zł / 65,00 zł",,,,,
,Inne ilości wycena w KALKULATORZE,"50,00 zł / 65,00 zł",32 szt.,"52,00 zł / 77,00 zł",32 szt.,"55,00 zł / 73,00 zł",,,,,
,50 szt.,"57,00 zł / 75,00 zł",50 szt.,"60,00 zł / 98,00 zł",50 szt.,"64,00 zł / 95,00 zł",,,,,
,75 szt.,"63,00 zł / 88,00 zł",75 szt.,"68,00 zł / 130,00 zł",75 szt.,"74,00 zł / 99,00 zł",,,,,
,100 szt.,"73,00 zł / 105,00 zł",100 szt.,"84,00 zł / 159,00 zł",100 szt.,"86,00 zł / 125,00 zł",,,,,
,150 szt.,"86,00 zł / 135,00 zł",150 szt.,"116,00 zł / 219,00 zł",150 szt.,"110,00 zł / 169,00 zł",,,,,
,większa ilość,wycena indywidualna,większa ilość,wycena indywidualna,większa ilość,wycena indywidualna,,,,,
,możliwość wydruku zaproszeń na papierze satynowym,,,,,,,,,,
,czas realizacji 1-3 dni roboczych (składane + 1 dzień),,,,,,,,,,
,Inne ilości wycena w KALKULATORZE,,,,,,,,,,
,,,,,,,,,,,
,,,,,,,,,,,
,,,,,,39,,,,,
,ZAPROSZENIA KREDA - druk cyfrowy,,,,,,,,,,
,,,,,,,,,,,
,Dwustronne 200-250g,,,,,,,,,,
,,,,,,,,,,,
,Zaproszenia KREDA błysk/mat od 200g - 250g,,,,,,,,,,
,,,,,,,,,,,
,A6 (105x148mm) / 2x A6 (105x296mm) nakład,cena,A5 (148x210mm) / 2x A5 (148x420mm) nakład,cena,DL (99x210mm) / 2xDL (99x420mm) nakład,cena,,,,,
,10 szt.,"35,00 zł / 58,00 zł",10 szt.,"40,00 zł / 65,00 zł",10 szt.,"41,00 zł / 65,00 zł",,,,,
,24 szt.,"46,00 zł / 66,00 zł",24 szt.,"49,00 zł / 80,00 zł",24 szt.,"55,00 zł / 80,00 zł",,,,,
,32 szt.,"57,00 zł / 84,00 zł",32 szt.,"62,00 zł / 115,00 zł",32 szt.,"64,00 zł / 90,00 zł",,,,,
,50 szt.,"66,00 zł / 105,00 zł",50 szt.,"79,00 zł / 149,00 zł",50 szt.,"74,00 zł / 115,00 zł",,,,,
,75 szt.,"79,00 zł / 125,00 zł",75 szt.,"96,00 zł / 190,00 zł",75 szt.,"88,00 zł / 150,00 zł",,,,,
,100 szt.,"89,00 zł / 149,00 zł",100 szt.,"119,00 zł / 235,00 zł",100 szt.,"105,00 zł / 185,00 zł",,,,,
,150 szt.,"115,00 zł / 199,00 zł",150 szt.,"169,00 zł / 325,00 zł",150 szt.,"135,00 zł / 245,00 zł",,,,,
,większa ilość,wycena indywidualna,większa ilość,wycena indywidualna,większa ilość,wycena indywidualna,,,,,
,,,,,,,,,,,
,Jednostronne 200-250g,,,,,,,,,,
,,,,,,,,,,,
,Zaproszenia KREDA błysk/mat od 200g - 250g,,,,,,,,,,
,,,,,,,,,,,
,A6 (105x148mm) / 2x A6 (105x296mm) nakład,cena,A5 (148x210mm) / 2x A5 (148x420mm) nakład,cena,DL (99x210mm) / 2xDL (99x420mm) nakład,cena,,,,,
,10 szt.,"30,00 zł / 45,00 zł",10 szt.,"34,00 zł / 55,00 zł",10 szt.,"35,00 zł / 45,00 zł",,,,,
,24 szt.,"40,00 zł / 55,00 zł",24 szt.,"42,00 zł / 60,00 zł",24 szt.,"50,00 zł / 55,00 zł",,,,,
,32 szt.,"45,00 zł / 60,00 zł",32 szt.,"48,00 zł / 75,00 zł",32 szt.,"53,00 zł / 63,00 zł",,,,,
,50 szt.,"50,00 zł / 71,00 zł",50 szt.,"55,00 zł / 95,00 zł",50 szt.,"59,00 zł / 79,00 zł",,,,,
,75 szt.,"60,00 zł / 84,00 zł",75 szt.,"63,00 zł / 125,00 zł",75 szt.,"70,00 zł / 97,00 zł",,,,,
,100 szt.,"68,00 zł / 99,00 zł",100 szt.,"79,00 zł / 150,00 zł",100 szt.,"81,00 zł / 115,00 zł",,,,,
,150 szt.,"79,00 zł / 126,00 zł",150 szt.,"110,00 zł / 199,00 zł",150 szt.,"105,00 zł / 149,00 zł",,,,,
,większa ilość,wycena indywidualna,większa ilość,wycena indywidualna,większa ilość,wycena indywidualna,,,,,
,możliwość wydruku zaproszeń na papierze satynowym,,,,,,,,,,
,czas realizacji 1-3 dni roboczych (składane + 1 dzień),,,,,,,,,,
,Inne ilości wycena w KALKULATORZE,,,,,,,,,,
,,,,,,,,,,,
,,,,,40,,,,,,
,DYPLOMY - druk cyfrowy,,,,,,,,,,
,,,,,,,,,,,
,EXPRESS - najtaniej + 20%,,,,,,,,,,
,,,,,,,,,,,
,Kreda 200-300g,,,,,,,,,,
,,,,,,,,,,,
,Ilość,DL dwustronne DL,DL jednostronne aDL,,,,,,,,
,1 szt,"20,00zł",,,,,,,,,
,2 szt,"30,00zł",,,,,,,,,
,3 szt,"32,00zł",,,,,,,,,
,4 szt,"34,00zł",,,,,,,,,
,5 szt,"35,00zł",,,,,,,,,
,6 szt,"35,00zł",-12%,,,,,,,,
,7 szt,"36,00zł",-12%,,,,,,,,
,8 szt,"37,00zł",-12%,,,,,,,,
,9 szt,"39,00zł",-12%,,,,,,,,
,10 szt,"40,00zł",-12%,,,,,,,,
,15 szt,"45,00zł",-12%,,,,,,,,
,20 szt,"49,00zł",-12%,,,,,,,,
,30 szt,"58,00zł",-12%,,,,,,,,
,40 szt,"65,00zł",-12%,,,,,,,,
,50 szt,"75,00zł",-12%,,,,,,,,
,100 szt,"120,00zł",-12%,,,,,,,,
,,,,,,,,,,,
,Papier satynowy + 12% do ceny,,,,,,,,,,
,Inne ilości wycena w KALKULATORZE,,,,,,,,,,